{
  "project_info": {
    "project_number": "965508487960",
    "project_id": "disease-ddee0",
    "storage_bucket": "disease-ddee0.appspot.com"
  },
  "client": [
    {
      "client_info": {
        "mobilesdk_app_id": "1:965508487960:android:96df696efa47d876879c6d",
        "android_client_info": {
          "package_name": "com.example.disease_prediction"
        }
      },
      "oauth_client": [],
      "api_key": [
        {
          "current_key": "AIzaSyBlOoQMRTY8fh0tajPeWGJeFcfIFsXHfU0"
        }
      ],
      "services": {
        "appinvite_service": {
          "other_platform_oauth_client": []
        }
      }
    }
  ],
  "configuration_version": "1"
}